1.461000000000000000e+03,2.698723269504515338e+05
1.462000000000000000e+03,3.157351722437360440e+05
1.463000000000000000e+03,3.212752839172606473e+05
1.464000000000000000e+03,3.478156847773359623e+05
1.465000000000000000e+03,4.164050123664860730e+05
1.466000000000000000e+03,3.244104276293898583e+05
1.467000000000000000e+03,nan
1.468000000000000000e+03,3.169686421097782440e+05
1.469000000000000000e+03,3.520658764608261408e+05
1.470000000000000000e+03,2.594470484224028769e+05
1.471000000000000000e+03,3.310829809295848827e+05
1.472000000000000000e+03,2.695092340214908472e+05
1.473000000000000000e+03,2.400576658223541162e+05
1.474000000000000000e+03,3.054269186255496461e+05
1.475000000000000000e+03,2.899933304862336372e+05
1.476000000000000000e+03,4.861853146181598422e+05
1.477000000000000000e+03,4.420181860267024604e+05
1.478000000000000000e+03,4.849313213701896020e+05
1.479000000000000000e+03,4.624365984725069720e+05
1.480000000000000000e+03,5.678523300552587025e+05
1.481000000000000000e+03,4.899446747164338012e+05
1.482000000000000000e+03,4.315992120471384842e+05
1.483000000000000000e+03,3.318868315896878485e+05
1.484000000000000000e+03,3.292512032710288186e+05
1.485000000000000000e+03,3.318743749067062745e+05
1.486000000000000000e+03,3.546581263656827505e+05
1.487000000000000000e+03,4.756392856951457798e+05
1.488000000000000000e+03,4.177789082678116392e+05
1.489000000000000000e+03,3.581178683800280560e+05
1.490000000000000000e+03,3.497362976499011274e+05
1.491000000000000000e+03,3.451851586246676161e+05
1.492000000000000000e+03,2.696392763124851044e+05
1.493000000000000000e+03,3.513478175067809061e+05
1.494000000000000000e+03,4.633830953509754036e+05
1.495000000000000000e+03,4.584248123115367489e+05
1.496000000000000000e+03,3.805833548674737103e+05
1.497000000000000000e+03,3.572431290033667465e+05
1.498000000000000000e+03,3.353210736344517791e+05
1.499000000000000000e+03,3.327050423272688058e+05
1.500000000000000000e+03,3.261931406613597064e+05
1.501000000000000000e+03,nan
1.502000000000000000e+03,nan
1.503000000000000000e+03,4.061632729790376034e+05
1.504000000000000000e+03,3.943952889574061846e+05
1.505000000000000000e+03,3.855344253132157028e+05
1.506000000000000000e+03,nan
1.507000000000000000e+03,3.663231901365654776e+05
1.508000000000000000e+03,nan
1.509000000000000000e+03,3.038365892939443002e+05
1.510000000000000000e+03,2.932300791609890293e+05
1.511000000000000000e+03,2.826614727016433026e+05
1.512000000000000000e+03,3.132803018222267274e+05
1.513000000000000000e+03,nan
1.514000000000000000e+03,2.920610752972263144e+05
1.515000000000000000e+03,3.425884829804808833e+05
1.516000000000000000e+03,3.144887053642975516e+05
1.517000000000000000e+03,3.115028555935659679e+05
1.518000000000000000e+03,3.074437466906856862e+05
1.519000000000000000e+03,3.673626941483160481e+05
1.520000000000000000e+03,nan
1.521000000000000000e+03,2.726090440017797519e+05
1.522000000000000000e+03,3.408139211714654812e+05
1.523000000000000000e+03,2.533920438316200452e+05
1.524000000000000000e+03,2.697310596167211188e+05
1.525000000000000000e+03,2.640740232354447362e+05
1.526000000000000000e+03,2.670623987145652063e+05
1.527000000000000000e+03,2.606580631125491345e+05
1.528000000000000000e+03,2.992141168333585374e+05
1.529000000000000000e+03,2.805461317143342458e+05
1.530000000000000000e+03,3.430245716651792754e+05
1.531000000000000000e+03,2.881093346841292223e+05
1.532000000000000000e+03,2.370177957657527295e+05
1.533000000000000000e+03,2.772230896386692184e+05
1.534000000000000000e+03,2.665146083510972676e+05
1.535000000000000000e+03,2.910940950626416598e+05
1.536000000000000000e+03,nan
1.537000000000000000e+03,2.158740225080955715e+05
1.538000000000000000e+03,3.170223371088210843e+05
1.539000000000000000e+03,3.509425365950546111e+05
1.540000000000000000e+03,2.615197381705741864e+05
1.541000000000000000e+03,2.976721427766022971e+05
1.542000000000000000e+03,2.897885929786149645e+05
1.543000000000000000e+03,nan
1.544000000000000000e+03,2.382128171954048157e+05
1.545000000000000000e+03,2.713148346867221990e+05
1.546000000000000000e+03,3.109454004295491613e+05
1.547000000000000000e+03,2.905704018945345306e+05
1.548000000000000000e+03,2.854114291102018324e+05
1.549000000000000000e+03,2.789342121612810879e+05
1.550000000000000000e+03,2.863241763860438368e+05
1.551000000000000000e+03,2.677602246783413575e+05
1.552000000000000000e+03,2.876112982632433414e+05
1.553000000000000000e+03,2.852695593909532763e+05
1.554000000000000000e+03,2.719940258051305427e+05
1.555000000000000000e+03,3.406092363547739224e+05
1.556000000000000000e+03,2.780857641865284531e+05
1.557000000000000000e+03,2.600781268320485251e+05
1.558000000000000000e+03,2.609034661683633749e+05
1.559000000000000000e+03,nan
1.560000000000000000e+03,2.761921786137461313e+05
1.561000000000000000e+03,2.853158864483258803e+05
1.562000000000000000e+03,2.743528952280026861e+05
1.563000000000000000e+03,2.750391644178247661e+05
1.564000000000000000e+03,nan
1.565000000000000000e+03,3.079721929584472091e+05
1.566000000000000000e+03,nan
1.567000000000000000e+03,2.421794831705293909e+05
1.568000000000000000e+03,nan
1.569000000000000000e+03,2.689086190189097542e+05
1.570000000000000000e+03,3.005284096242747037e+05
1.571000000000000000e+03,2.749737109758132137e+05
1.572000000000000000e+03,2.863322049736092449e+05
1.573000000000000000e+03,3.646629678120333119e+05
1.574000000000000000e+03,nan
1.575000000000000000e+03,3.769180196974892169e+05
1.576000000000000000e+03,3.709667884669841151e+05
1.577000000000000000e+03,3.455413309716433869e+05
1.578000000000000000e+03,3.042617723672908032e+05
1.579000000000000000e+03,2.985072312787980773e+05
1.580000000000000000e+03,nan
1.581000000000000000e+03,3.061502315094314399e+05
1.582000000000000000e+03,2.762827315142049338e+05
1.583000000000000000e+03,4.222432821804501000e+05
1.584000000000000000e+03,3.776041555861336528e+05
1.585000000000000000e+03,nan
1.586000000000000000e+03,2.040015105803735787e+05
1.587000000000000000e+03,2.607013971753959777e+05
1.588000000000000000e+03,2.814396916948311846e+05
1.589000000000000000e+03,2.596589657648282591e+05
1.590000000000000000e+03,2.884940131721068174e+05
1.591000000000000000e+03,2.439499480130399170e+05
1.592000000000000000e+03,2.774959168706736527e+05
1.593000000000000000e+03,nan
1.594000000000000000e+03,2.458828834150430339e+05
1.595000000000000000e+03,2.819570757146903197e+05
1.596000000000000000e+03,4.004687574638047954e+05
1.597000000000000000e+03,3.516323295528513263e+05
1.598000000000000000e+03,3.609678976307315752e+05
1.599000000000000000e+03,3.228928329178625136e+05
1.600000000000000000e+03,3.293690137609037338e+05
1.601000000000000000e+03,1.858149414258743345e+05
1.602000000000000000e+03,2.821669070908810827e+05
1.603000000000000000e+03,2.198626907549852622e+05
1.604000000000000000e+03,3.990450518919343594e+05
1.605000000000000000e+03,3.838171212042883853e+05
1.606000000000000000e+03,3.312489399796721409e+05
1.607000000000000000e+03,nan
1.608000000000000000e+03,3.765263544919288834e+05
1.609000000000000000e+03,3.482000030082717421e+05
1.610000000000000000e+03,3.020174898927197210e+05
1.611000000000000000e+03,2.980135571668642224e+05
1.612000000000000000e+03,3.158388057167053921e+05
1.613000000000000000e+03,nan
1.614000000000000000e+03,2.704209715113968705e+05
1.615000000000000000e+03,2.422091928019491606e+05
1.616000000000000000e+03,2.302831771312913916e+05
1.617000000000000000e+03,2.324602086744134431e+05
1.618000000000000000e+03,2.795639859301737160e+05
1.619000000000000000e+03,2.914171669889906188e+05
1.620000000000000000e+03,3.436322259549829760e+05
1.621000000000000000e+03,2.841259625466337893e+05
1.622000000000000000e+03,2.976009961493993760e+05
1.623000000000000000e+03,3.954519578874268336e+05
1.624000000000000000e+03,3.482777690535881557e+05
1.625000000000000000e+03,2.787338535822779522e+05
1.626000000000000000e+03,3.290045271774772555e+05
1.627000000000000000e+03,3.434495500029727118e+05
1.628000000000000000e+03,nan
1.629000000000000000e+03,3.344493486898666597e+05
1.630000000000000000e+03,4.894924782374526258e+05
1.631000000000000000e+03,4.296311355396122672e+05
1.632000000000000000e+03,4.390994833915284253e+05
1.633000000000000000e+03,3.258069401442185044e+05
1.634000000000000000e+03,3.254937711748966249e+05
1.635000000000000000e+03,nan
1.636000000000000000e+03,3.263771608732032473e+05
1.637000000000000000e+03,3.454165336804520921e+05
1.638000000000000000e+03,nan
1.639000000000000000e+03,3.446657835410071420e+05
1.640000000000000000e+03,nan
1.641000000000000000e+03,3.240577610459075659e+05
1.642000000000000000e+03,3.751512218185709789e+05
1.643000000000000000e+03,nan
1.644000000000000000e+03,nan
1.645000000000000000e+03,nan
1.646000000000000000e+03,3.186798050307279336e+05
1.647000000000000000e+03,3.180938270793009433e+05
1.648000000000000000e+03,nan
1.649000000000000000e+03,nan
1.650000000000000000e+03,2.583388035694996943e+05
1.651000000000000000e+03,2.669308989926409558e+05
1.652000000000000000e+03,2.561296555571076460e+05
1.653000000000000000e+03,2.538450886082098878e+05
1.654000000000000000e+03,3.039847772324146936e+05
1.655000000000000000e+03,3.044522290505991550e+05
1.656000000000000000e+03,2.998691796101705404e+05
1.657000000000000000e+03,3.057827831761337002e+05
1.658000000000000000e+03,3.062123825004706741e+05
1.659000000000000000e+03,2.917180651834644959e+05
1.660000000000000000e+03,nan
1.661000000000000000e+03,5.257351234609109815e+05
1.662000000000000000e+03,4.931861926268712850e+05
1.663000000000000000e+03,5.056553963806858519e+05
1.664000000000000000e+03,5.347366327246612636e+05
1.665000000000000000e+03,4.859369015728101949e+05
1.666000000000000000e+03,4.756436517085814849e+05
1.667000000000000000e+03,4.904451678219927708e+05
1.668000000000000000e+03,4.846977540215556510e+05
1.669000000000000000e+03,4.660034581704597222e+05
1.670000000000000000e+03,4.871501799605410779e+05
1.671000000000000000e+03,4.491155639693419798e+05
1.672000000000000000e+03,5.263155518324930454e+05
1.673000000000000000e+03,4.647122271177370567e+05
1.674000000000000000e+03,4.564796926499520196e+05
1.675000000000000000e+03,4.056081397786871530e+05
1.676000000000000000e+03,4.057334253334285459e+05
1.677000000000000000e+03,4.223084875107228872e+05
1.678000000000000000e+03,5.648871456000756007e+05
1.679000000000000000e+03,4.984458718781714560e+05
1.680000000000000000e+03,4.838890828458430478e+05
1.681000000000000000e+03,4.584927054473737953e+05
1.682000000000000000e+03,4.721153725639645127e+05
1.683000000000000000e+03,4.172713239392478717e+05
1.684000000000000000e+03,3.299493468699516379e+05
1.685000000000000000e+03,3.261244541791529628e+05
1.686000000000000000e+03,3.362701276515536592e+05
1.687000000000000000e+03,3.355691002314422512e+05
1.688000000000000000e+03,3.497806652167107677e+05
1.689000000000000000e+03,3.517042564468433848e+05
1.690000000000000000e+03,nan
1.691000000000000000e+03,nan
1.692000000000000000e+03,nan
1.693000000000000000e+03,3.170119071592531400e+05
1.694000000000000000e+03,3.216850437429507729e+05
1.695000000000000000e+03,3.310082794102992048e+05
1.696000000000000000e+03,nan
1.697000000000000000e+03,3.277280849815111724e+05
1.698000000000000000e+03,4.878169865725610289e+05
1.699000000000000000e+03,nan
1.700000000000000000e+03,4.398911893618985196e+05
1.701000000000000000e+03,nan
1.702000000000000000e+03,4.100718501796192722e+05
1.703000000000000000e+03,4.154758673872076906e+05
1.704000000000000000e+03,4.169617372320915456e+05
1.705000000000000000e+03,4.027108579879346071e+05
1.706000000000000000e+03,4.833950866979425773e+05
1.707000000000000000e+03,nan
1.708000000000000000e+03,3.693059465344268247e+05
1.709000000000000000e+03,4.349192650380608975e+05
1.710000000000000000e+03,3.967872484999386361e+05
1.711000000000000000e+03,3.964644774745007162e+05
1.712000000000000000e+03,4.082675031896369765e+05
1.713000000000000000e+03,3.941225885528190411e+05
1.714000000000000000e+03,3.798494573741664062e+05
1.715000000000000000e+03,3.514967519861123292e+05
1.716000000000000000e+03,3.439269869395487476e+05
1.717000000000000000e+03,3.360826693524449365e+05
1.718000000000000000e+03,3.016568820585229550e+05
1.719000000000000000e+03,3.492839609833283466e+05
1.720000000000000000e+03,3.821912026177674416e+05
1.721000000000000000e+03,3.443260133395663579e+05
1.722000000000000000e+03,2.881076609796559787e+05
1.723000000000000000e+03,3.039804626059422153e+05
1.724000000000000000e+03,3.606708634010406677e+05
1.725000000000000000e+03,3.545507148174688336e+05
1.726000000000000000e+03,3.278950275111495866e+05
1.727000000000000000e+03,3.229356196504341206e+05
1.728000000000000000e+03,3.395395830718678772e+05
1.729000000000000000e+03,nan
1.730000000000000000e+03,3.236584803649219684e+05
1.731000000000000000e+03,2.707014227916173986e+05
1.732000000000000000e+03,nan
1.733000000000000000e+03,nan
1.734000000000000000e+03,nan
1.735000000000000000e+03,nan
1.736000000000000000e+03,2.561881397717179498e+05
1.737000000000000000e+03,nan
1.738000000000000000e+03,nan
1.739000000000000000e+03,4.255978292451425805e+05
1.740000000000000000e+03,nan
1.741000000000000000e+03,nan
1.742000000000000000e+03,3.353248454695125693e+05
1.743000000000000000e+03,3.448958988693192368e+05
1.744000000000000000e+03,nan
1.745000000000000000e+03,3.909661891134232283e+05
1.746000000000000000e+03,4.139655581305869273e+05
1.747000000000000000e+03,nan
1.748000000000000000e+03,3.477888015285971342e+05
1.749000000000000000e+03,3.081801666088426136e+05
1.750000000000000000e+03,2.983211579363415949e+05
1.751000000000000000e+03,nan
1.752000000000000000e+03,2.596703749824619736e+05
1.753000000000000000e+03,3.095615446695021819e+05
1.754000000000000000e+03,3.562179963211430004e+05
1.755000000000000000e+03,nan
1.756000000000000000e+03,2.545505857885908335e+05
1.757000000000000000e+03,2.647000595354617108e+05
1.758000000000000000e+03,nan
1.759000000000000000e+03,nan
1.760000000000000000e+03,3.117337752727703773e+05
1.761000000000000000e+03,3.016103518541553640e+05
1.762000000000000000e+03,nan
1.763000000000000000e+03,3.258189281371587422e+05
1.764000000000000000e+03,2.638493589437101036e+05
1.765000000000000000e+03,3.327710123571905424e+05
1.766000000000000000e+03,3.301646756248068414e+05
1.767000000000000000e+03,3.481878676069942303e+05
1.768000000000000000e+03,2.835778663237382425e+05
1.769000000000000000e+03,nan
1.770000000000000000e+03,2.875156236779398168e+05
1.771000000000000000e+03,2.748704939104464720e+05
1.772000000000000000e+03,2.936305890252442914e+05
1.773000000000000000e+03,2.766680274911030428e+05
1.774000000000000000e+03,3.417597125992500805e+05
1.775000000000000000e+03,2.830030897927303449e+05
1.776000000000000000e+03,2.706387324192341766e+05
1.777000000000000000e+03,2.532337335926301021e+05
1.778000000000000000e+03,2.686609254797340254e+05
1.779000000000000000e+03,2.823688229128539097e+05
1.780000000000000000e+03,3.227963403637210140e+05
1.781000000000000000e+03,2.806884109958444606e+05
1.782000000000000000e+03,2.258312100660272117e+05
1.783000000000000000e+03,2.954228482001087395e+05
1.784000000000000000e+03,2.339537724402798922e+05
1.785000000000000000e+03,2.724326810198656167e+05
1.786000000000000000e+03,2.987345516491913004e+05
1.787000000000000000e+03,3.204465450409209006e+05
1.788000000000000000e+03,1.813697097411515133e+05
1.789000000000000000e+03,2.614418753651167499e+05
1.790000000000000000e+03,2.180115074796558183e+05
1.791000000000000000e+03,3.669237800428986084e+05
1.792000000000000000e+03,3.042633835564738838e+05
1.793000000000000000e+03,2.966722636323927436e+05
1.794000000000000000e+03,2.847890447215181775e+05
1.795000000000000000e+03,2.893176423684584443e+05
1.796000000000000000e+03,2.829103979005219880e+05
1.797000000000000000e+03,3.009114767791764461e+05
1.798000000000000000e+03,2.666150849265629076e+05
1.799000000000000000e+03,2.508355453548205260e+05
1.800000000000000000e+03,2.623776868338978384e+05
1.801000000000000000e+03,2.750614769615730620e+05
1.802000000000000000e+03,3.026741124920941656e+05
1.803000000000000000e+03,3.128673532282832894e+05
1.804000000000000000e+03,2.760478769293327932e+05
1.805000000000000000e+03,2.798338568690446555e+05
1.806000000000000000e+03,2.689478381534984801e+05
1.807000000000000000e+03,2.847268108087144792e+05
1.808000000000000000e+03,2.555757915443968668e+05
1.809000000000000000e+03,2.513563168835038377e+05
1.810000000000000000e+03,2.746333260344397277e+05
1.811000000000000000e+03,2.373814882851629518e+05
1.812000000000000000e+03,2.498708157252556121e+05
1.813000000000000000e+03,2.500964503635538276e+05
1.814000000000000000e+03,2.242001007390794402e+05
1.815000000000000000e+03,1.737048097759567027e+05
1.816000000000000000e+03,2.346790677878471615e+05
1.817000000000000000e+03,2.567268434480261931e+05
1.818000000000000000e+03,2.993248902106734458e+05
1.819000000000000000e+03,2.810749442422801512e+05
1.820000000000000000e+03,nan
1.821000000000000000e+03,2.767053889130366733e+05
1.822000000000000000e+03,2.979687161225488526e+05
1.823000000000000000e+03,1.819293551218791690e+05
1.824000000000000000e+03,nan
1.825000000000000000e+03,3.076599724559909664e+05
1.826000000000000000e+03,2.680962344526309753e+05
1.827000000000000000e+03,2.655503827183868852e+05
1.828000000000000000e+03,2.908919093138240278e+05
1.829000000000000000e+03,3.015572333279383020e+05
1.830000000000000000e+03,2.973512971251953277e+05
1.831000000000000000e+03,3.026689177184739965e+05
1.832000000000000000e+03,2.707288364647944691e+05
1.833000000000000000e+03,2.828411054646586417e+05
1.834000000000000000e+03,nan
1.835000000000000000e+03,3.056592263105704915e+05
1.836000000000000000e+03,2.905716862320798100e+05
1.837000000000000000e+03,2.231002826455611794e+05
1.838000000000000000e+03,2.899165543993118335e+05
1.839000000000000000e+03,2.398117037278467324e+05
1.840000000000000000e+03,2.702418047492792248e+05
1.841000000000000000e+03,nan
1.842000000000000000e+03,2.501210124023097451e+05
1.843000000000000000e+03,3.000296746945096529e+05
1.844000000000000000e+03,nan
1.845000000000000000e+03,3.067426763025084510e+05
1.846000000000000000e+03,3.095483079540622421e+05
1.847000000000000000e+03,nan
1.848000000000000000e+03,nan
1.849000000000000000e+03,nan
1.850000000000000000e+03,2.706380246246206225e+05
1.851000000000000000e+03,3.059071095768175437e+05
1.852000000000000000e+03,2.847986292101356084e+05
1.853000000000000000e+03,2.672766543629122898e+05
1.854000000000000000e+03,3.165073121193008265e+05
1.855000000000000000e+03,3.185407527236667811e+05
1.856000000000000000e+03,3.706040948102223338e+05
1.857000000000000000e+03,3.254897288495717803e+05
1.858000000000000000e+03,3.187468579173856997e+05
1.859000000000000000e+03,2.835169854478940833e+05
1.860000000000000000e+03,3.232638983194850152e+05
1.861000000000000000e+03,2.751113372397834901e+05
1.862000000000000000e+03,nan
1.863000000000000000e+03,nan
1.864000000000000000e+03,nan
1.865000000000000000e+03,4.344194396896611433e+05
1.866000000000000000e+03,4.359380197865155060e+05
1.867000000000000000e+03,3.989974559934563003e+05
1.868000000000000000e+03,4.253666088968184777e+05
1.869000000000000000e+03,3.645237040303751710e+05
1.870000000000000000e+03,3.813598955905298353e+05
1.871000000000000000e+03,3.941355434152752860e+05
1.872000000000000000e+03,3.215177636571428156e+05
1.873000000000000000e+03,nan
1.874000000000000000e+03,2.962449793325873325e+05
1.875000000000000000e+03,3.627226978537501418e+05
1.876000000000000000e+03,3.491909901547147310e+05
1.877000000000000000e+03,3.615292523741636542e+05
1.878000000000000000e+03,3.773381504741929239e+05
1.879000000000000000e+03,nan
1.880000000000000000e+03,2.820524493285419885e+05
1.881000000000000000e+03,4.018317531484107021e+05
1.882000000000000000e+03,nan
1.883000000000000000e+03,nan
1.884000000000000000e+03,nan
1.885000000000000000e+03,3.894696991822997807e+05
1.886000000000000000e+03,nan
1.887000000000000000e+03,3.588522244368559332e+05
1.888000000000000000e+03,3.923528305907226750e+05
1.889000000000000000e+03,3.240995683747002040e+05
1.890000000000000000e+03,2.694099452665505814e+05
1.891000000000000000e+03,2.717127106390665867e+05
1.892000000000000000e+03,2.416677120484708576e+05
1.893000000000000000e+03,2.746913766228472232e+05
1.894000000000000000e+03,2.890257617625450948e+05
1.895000000000000000e+03,2.910001270543402061e+05
1.896000000000000000e+03,2.875007899920115015e+05
1.897000000000000000e+03,2.573418738511837728e+05
1.898000000000000000e+03,2.772506621215308551e+05
1.899000000000000000e+03,3.323792444426094298e+05
1.900000000000000000e+03,3.396444331666668877e+05
1.901000000000000000e+03,3.432622079424393014e+05
1.902000000000000000e+03,3.425754334443497355e+05
1.903000000000000000e+03,nan
1.904000000000000000e+03,3.193045587366197142e+05
1.905000000000000000e+03,3.646986282127313898e+05
1.906000000000000000e+03,3.222260899241006118e+05
1.907000000000000000e+03,3.988695399638669915e+05
1.908000000000000000e+03,2.811504373717827839e+05
1.909000000000000000e+03,2.825835849704600987e+05
1.910000000000000000e+03,2.793381321594899055e+05
1.911000000000000000e+03,nan
1.912000000000000000e+03,nan
1.913000000000000000e+03,3.307324454696171451e+05
1.914000000000000000e+03,1.959373650816206646e+05
1.915000000000000000e+03,4.029504073697819258e+05
1.916000000000000000e+03,1.825888353900657385e+05
1.917000000000000000e+03,3.894653170923835714e+05
1.918000000000000000e+03,3.122026540573646198e+05
1.919000000000000000e+03,3.348799150060786633e+05
1.920000000000000000e+03,3.158077812470932258e+05
1.921000000000000000e+03,4.554563254142336082e+05
1.922000000000000000e+03,4.246489637161422870e+05
1.923000000000000000e+03,nan
1.924000000000000000e+03,3.940533986096550943e+05
1.925000000000000000e+03,3.650390177259399788e+05
1.926000000000000000e+03,4.576462166050593369e+05
1.927000000000000000e+03,2.848121977689916384e+05
1.928000000000000000e+03,3.216332248898482649e+05
1.929000000000000000e+03,2.707632457791860215e+05
1.930000000000000000e+03,3.077183439607659238e+05
1.931000000000000000e+03,2.878148234813777381e+05
1.932000000000000000e+03,2.869741796752593364e+05
1.933000000000000000e+03,3.270257353686795104e+05
1.934000000000000000e+03,3.333413234213104006e+05
1.935000000000000000e+03,3.220230225922539830e+05
1.936000000000000000e+03,3.269347259133930202e+05
1.937000000000000000e+03,nan
1.938000000000000000e+03,3.121277811346894014e+05
1.939000000000000000e+03,4.413403771871401113e+05
1.940000000000000000e+03,4.141142690022708266e+05
1.941000000000000000e+03,3.295308629282439942e+05
1.942000000000000000e+03,nan
1.943000000000000000e+03,4.144110902180399862e+05
1.944000000000000000e+03,4.615707570865193848e+05
1.945000000000000000e+03,4.895910354450843297e+05
1.946000000000000000e+03,nan
1.947000000000000000e+03,4.680379900183271966e+05
1.948000000000000000e+03,nan
1.949000000000000000e+03,3.663140343573357095e+05
1.950000000000000000e+03,nan
1.951000000000000000e+03,3.825495108970663860e+05
1.952000000000000000e+03,3.717058816742327763e+05
1.953000000000000000e+03,3.207302776250255411e+05
1.954000000000000000e+03,3.460632187724811956e+05
1.955000000000000000e+03,2.671795481110407854e+05
1.956000000000000000e+03,nan
1.957000000000000000e+03,3.260613387972267810e+05
1.958000000000000000e+03,nan
1.959000000000000000e+03,2.873832304372940562e+05
1.960000000000000000e+03,2.476054439482137677e+05
1.961000000000000000e+03,2.678709244715333916e+05
1.962000000000000000e+03,2.550237427390650264e+05
1.963000000000000000e+03,2.725425184759020340e+05
1.964000000000000000e+03,2.490828215698626300e+05
1.965000000000000000e+03,2.908362815895159147e+05
1.966000000000000000e+03,3.019451541204237728e+05
1.967000000000000000e+03,4.627546908714632737e+05
1.968000000000000000e+03,5.002703357302606455e+05
1.969000000000000000e+03,5.011085404317550710e+05
1.970000000000000000e+03,5.190095324803167023e+05
1.971000000000000000e+03,5.369696632205914939e+05
1.972000000000000000e+03,4.990389890438345028e+05
1.973000000000000000e+03,4.383961262545315549e+05
1.974000000000000000e+03,4.631134473290716996e+05
1.975000000000000000e+03,5.452414824430465233e+05
1.976000000000000000e+03,4.664884870315215085e+05
1.977000000000000000e+03,4.993116138482125825e+05
1.978000000000000000e+03,5.015332293376403977e+05
1.979000000000000000e+03,4.911974875627590227e+05
1.980000000000000000e+03,4.154743515955810435e+05
1.981000000000000000e+03,5.004142400893468875e+05
1.982000000000000000e+03,4.269163289704946801e+05
1.983000000000000000e+03,4.292529490814357996e+05
1.984000000000000000e+03,4.009118837754850974e+05
1.985000000000000000e+03,nan
1.986000000000000000e+03,nan
1.987000000000000000e+03,3.315150911449937266e+05
1.988000000000000000e+03,3.304070648606470786e+05
1.989000000000000000e+03,nan
1.990000000000000000e+03,nan
1.991000000000000000e+03,4.155872423261190997e+05
1.992000000000000000e+03,3.700573394151797984e+05
1.993000000000000000e+03,nan
1.994000000000000000e+03,3.276389876506892033e+05
1.995000000000000000e+03,3.459354533134698286e+05
1.996000000000000000e+03,4.585971036935843294e+05
1.997000000000000000e+03,nan
1.998000000000000000e+03,4.759713126964267576e+05
1.999000000000000000e+03,4.294043251890503452e+05
2.000000000000000000e+03,nan
2.001000000000000000e+03,4.543301531261331984e+05
2.002000000000000000e+03,3.828674855348293786e+05
2.003000000000000000e+03,4.184825553088636952e+05
2.004000000000000000e+03,4.033426169161031139e+05
2.005000000000000000e+03,nan
2.006000000000000000e+03,3.876104538235133514e+05
2.007000000000000000e+03,4.120943082207461703e+05
2.008000000000000000e+03,3.587055284455597284e+05
2.009000000000000000e+03,3.226800859499787912e+05
2.010000000000000000e+03,3.501284379932370503e+05
2.011000000000000000e+03,2.997407435683291405e+05
2.012000000000000000e+03,3.274432583649032749e+05
2.013000000000000000e+03,3.232667625716311741e+05
2.014000000000000000e+03,3.289058658567809034e+05
2.015000000000000000e+03,3.524094302649185411e+05
2.016000000000000000e+03,3.239609152144361287e+05
2.017000000000000000e+03,3.388712602340584854e+05
2.018000000000000000e+03,2.813629214025994879e+05
2.019000000000000000e+03,2.828594198221660918e+05
2.020000000000000000e+03,2.603142371136563015e+05
2.021000000000000000e+03,2.529222062491900870e+05
2.022000000000000000e+03,3.791369395787303802e+05
2.023000000000000000e+03,2.968261335371255991e+05
2.024000000000000000e+03,nan
2.025000000000000000e+03,5.166120193682466634e+05
2.026000000000000000e+03,3.499820967398818466e+05
2.027000000000000000e+03,3.255809981348221772e+05
2.028000000000000000e+03,3.446026408358374611e+05
2.029000000000000000e+03,3.212688904526256374e+05
2.030000000000000000e+03,nan
2.031000000000000000e+03,nan
2.032000000000000000e+03,3.960633990041001234e+05
2.033000000000000000e+03,4.126237677436419763e+05
2.034000000000000000e+03,3.447654879640004365e+05
2.035000000000000000e+03,3.699502800731910975e+05
2.036000000000000000e+03,3.784667063974936027e+05
2.037000000000000000e+03,3.789142075097825727e+05
2.038000000000000000e+03,4.422802455577788060e+05
2.039000000000000000e+03,3.933486900052526034e+05
2.040000000000000000e+03,nan
2.041000000000000000e+03,4.258224738595389063e+05
2.042000000000000000e+03,nan
2.043000000000000000e+03,nan
2.044000000000000000e+03,3.366858596006524167e+05
2.045000000000000000e+03,nan
2.046000000000000000e+03,3.138252817400065833e+05
2.047000000000000000e+03,2.822005078591605416e+05
2.048000000000000000e+03,2.843122245042505674e+05
2.049000000000000000e+03,3.072228822907804279e+05
2.050000000000000000e+03,nan
2.051000000000000000e+03,2.473625822569123993e+05
2.052000000000000000e+03,2.796114943707288476e+05
2.053000000000000000e+03,nan
2.054000000000000000e+03,2.319155316292298958e+05
2.055000000000000000e+03,2.939583775164016988e+05
2.056000000000000000e+03,2.865751706130548846e+05
2.057000000000000000e+03,2.820932778810614254e+05
2.058000000000000000e+03,3.509032877931424300e+05
2.059000000000000000e+03,2.932237695281527704e+05
2.060000000000000000e+03,2.976186074507024023e+05
2.061000000000000000e+03,3.537607499121470028e+05
2.062000000000000000e+03,2.735027598820037674e+05
2.063000000000000000e+03,2.659919732993838261e+05
2.064000000000000000e+03,2.782505817603165051e+05
2.065000000000000000e+03,nan
2.066000000000000000e+03,3.433879363203879911e+05
2.067000000000000000e+03,2.890314003609413048e+05
2.068000000000000000e+03,3.151711530742370524e+05
2.069000000000000000e+03,2.313492244980637333e+05
2.070000000000000000e+03,2.553686188254741719e+05
2.071000000000000000e+03,2.366766781736192352e+05
2.072000000000000000e+03,3.276836604042887338e+05
2.073000000000000000e+03,2.850546501372861676e+05
2.074000000000000000e+03,3.458480350208460586e+05
2.075000000000000000e+03,nan
2.076000000000000000e+03,2.729353848071948159e+05
2.077000000000000000e+03,2.864001050520992721e+05
2.078000000000000000e+03,2.589260216657048732e+05
2.079000000000000000e+03,3.076895492768514086e+05
2.080000000000000000e+03,2.790120306425912422e+05
2.081000000000000000e+03,2.739254446383110480e+05
2.082000000000000000e+03,2.973709177999437088e+05
2.083000000000000000e+03,2.841004004699059878e+05
2.084000000000000000e+03,2.518286033888153324e+05
2.085000000000000000e+03,2.787280608597480459e+05
2.086000000000000000e+03,2.637473476871202583e+05
2.087000000000000000e+03,2.690179808038967312e+05
2.088000000000000000e+03,2.608145831400311727e+05
2.089000000000000000e+03,2.307325817032737541e+05
2.090000000000000000e+03,2.714316728011002997e+05
2.091000000000000000e+03,2.478695504895564227e+05
2.092000000000000000e+03,2.638343674447536469e+05
2.093000000000000000e+03,2.718119419166330481e+05
2.094000000000000000e+03,2.763751471067431848e+05
2.095000000000000000e+03,2.973110227290940820e+05
2.096000000000000000e+03,2.380211542471699649e+05
2.097000000000000000e+03,2.348707374543051701e+05
2.098000000000000000e+03,2.985055418248220813e+05
2.099000000000000000e+03,1.752940885705270630e+05
2.100000000000000000e+03,2.294242865121609357e+05
2.101000000000000000e+03,2.738833891868667561e+05
2.102000000000000000e+03,2.962359999361129012e+05
2.103000000000000000e+03,2.517382297151453095e+05
2.104000000000000000e+03,2.955384682994954055e+05
2.105000000000000000e+03,2.688727676032610470e+05
2.106000000000000000e+03,2.046340478863537428e+05
2.107000000000000000e+03,3.506515623323751497e+05
2.108000000000000000e+03,2.513191203888166347e+05
2.109000000000000000e+03,2.414381197667299130e+05
2.110000000000000000e+03,2.845694760632817633e+05
2.111000000000000000e+03,nan
2.112000000000000000e+03,nan
2.113000000000000000e+03,2.730600275285246316e+05
2.114000000000000000e+03,2.903145180451541673e+05
2.115000000000000000e+03,3.142643239564273972e+05
2.116000000000000000e+03,2.814473104172787280e+05
2.117000000000000000e+03,3.192325136821842752e+05
2.118000000000000000e+03,2.941356285963045084e+05
2.119000000000000000e+03,2.803103146666812245e+05
2.120000000000000000e+03,2.712289326138062752e+05
2.121000000000000000e+03,nan
2.122000000000000000e+03,2.677561888971840963e+05
2.123000000000000000e+03,nan
2.124000000000000000e+03,3.331740877075114404e+05
2.125000000000000000e+03,2.949501546881495160e+05
2.126000000000000000e+03,3.376132856029862305e+05
2.127000000000000000e+03,3.052899383646234637e+05
2.128000000000000000e+03,2.860536622976762010e+05
2.129000000000000000e+03,nan
2.130000000000000000e+03,2.859327960282698623e+05
2.131000000000000000e+03,3.188544787207143381e+05
2.132000000000000000e+03,nan
2.133000000000000000e+03,2.823200262684847694e+05
2.134000000000000000e+03,2.841897010592807201e+05
2.135000000000000000e+03,2.542494469000577228e+05
2.136000000000000000e+03,2.308165636532134376e+05
2.137000000000000000e+03,2.706147640343884705e+05
2.138000000000000000e+03,nan
2.139000000000000000e+03,3.059206787503779633e+05
2.140000000000000000e+03,2.794843315421512816e+05
2.141000000000000000e+03,nan
2.142000000000000000e+03,nan
2.143000000000000000e+03,nan
2.144000000000000000e+03,2.768344796701465966e+05
2.145000000000000000e+03,2.786741387219483149e+05
2.146000000000000000e+03,3.120142537417117856e+05
2.147000000000000000e+03,nan
2.148000000000000000e+03,2.718630784958897857e+05
2.149000000000000000e+03,nan
2.150000000000000000e+03,3.695663275813476648e+05
2.151000000000000000e+03,2.802236261859558290e+05
2.152000000000000000e+03,3.157308121371403686e+05
2.153000000000000000e+03,3.070338289341610507e+05
2.154000000000000000e+03,2.391244472672563570e+05
2.155000000000000000e+03,2.849526782560765278e+05
2.156000000000000000e+03,nan
2.157000000000000000e+03,3.754286019260454923e+05
2.158000000000000000e+03,nan
2.159000000000000000e+03,3.541653099688967341e+05
2.160000000000000000e+03,3.366502826781119220e+05
2.161000000000000000e+03,4.063142941304122796e+05
2.162000000000000000e+03,4.792881056617149152e+05
2.163000000000000000e+03,4.475842644595557358e+05
2.164000000000000000e+03,nan
2.165000000000000000e+03,nan
2.166000000000000000e+03,3.066431724457792006e+05
2.167000000000000000e+03,nan
2.168000000000000000e+03,nan
2.169000000000000000e+03,3.494732756103508291e+05
2.170000000000000000e+03,3.621791518386917887e+05
2.171000000000000000e+03,nan
2.172000000000000000e+03,nan
2.173000000000000000e+03,3.129946897321203724e+05
2.174000000000000000e+03,nan
2.175000000000000000e+03,nan
2.176000000000000000e+03,nan
2.177000000000000000e+03,3.854096201947194058e+05
2.178000000000000000e+03,3.740301737874317914e+05
2.179000000000000000e+03,nan
2.180000000000000000e+03,3.597684082490649889e+05
2.181000000000000000e+03,3.485251924442464369e+05
2.182000000000000000e+03,3.580304825483433087e+05
2.183000000000000000e+03,3.486301959224191378e+05
2.184000000000000000e+03,2.767056050059671979e+05
2.185000000000000000e+03,2.883399064125748700e+05
2.186000000000000000e+03,2.951177079853960895e+05
2.187000000000000000e+03,nan
2.188000000000000000e+03,2.925634742999414448e+05
2.189000000000000000e+03,4.202901876068171114e+05
2.190000000000000000e+03,2.236569861989226483e+05
2.191000000000000000e+03,2.250037951279805275e+05
2.192000000000000000e+03,2.290888159103603393e+05
2.193000000000000000e+03,2.517154829392060055e+05
2.194000000000000000e+03,2.408226154883862764e+05
2.195000000000000000e+03,2.502350234937905916e+05
2.196000000000000000e+03,2.468526284589675779e+05
2.197000000000000000e+03,2.517232370671219542e+05
2.198000000000000000e+03,3.236892486955784843e+05
2.199000000000000000e+03,3.246166521190328640e+05
2.200000000000000000e+03,3.291480402309023193e+05
2.201000000000000000e+03,3.440337041461810586e+05
2.202000000000000000e+03,3.607990914689393830e+05
2.203000000000000000e+03,nan
2.204000000000000000e+03,nan
2.205000000000000000e+03,nan
2.206000000000000000e+03,3.323445424067082931e+05
2.207000000000000000e+03,3.914552096836597775e+05
2.208000000000000000e+03,3.973313209672911325e+05
2.209000000000000000e+03,3.829911278754492523e+05
2.210000000000000000e+03,2.783830608207781916e+05
2.211000000000000000e+03,2.680851155468568904e+05
2.212000000000000000e+03,2.696772069746805937e+05
2.213000000000000000e+03,2.475408728097787243e+05
2.214000000000000000e+03,2.953590061429345515e+05
2.215000000000000000e+03,2.533372564278353238e+05
2.216000000000000000e+03,2.946392753302592901e+05
2.217000000000000000e+03,1.598255074394748081e+05
2.218000000000000000e+03,2.259138958831646887e+05
2.219000000000000000e+03,2.101679439270743460e+05
2.220000000000000000e+03,2.170053029357090127e+05
2.221000000000000000e+03,3.973467764133978635e+05
2.222000000000000000e+03,3.796323125481556053e+05
2.223000000000000000e+03,nan
2.224000000000000000e+03,nan
2.225000000000000000e+03,2.879239253117511398e+05
2.226000000000000000e+03,3.279391131962413201e+05
2.227000000000000000e+03,3.741422522617372451e+05
2.228000000000000000e+03,3.962221161818511900e+05
2.229000000000000000e+03,3.914179983719830052e+05
2.230000000000000000e+03,3.068541101276368718e+05
2.231000000000000000e+03,3.543616035462477012e+05
2.232000000000000000e+03,3.632897152081419481e+05
2.233000000000000000e+03,3.616171442085774033e+05
2.234000000000000000e+03,3.895396515881554224e+05
2.235000000000000000e+03,nan
2.236000000000000000e+03,4.031221842160829110e+05
2.237000000000000000e+03,4.467465946853616624e+05
2.238000000000000000e+03,3.376059094267889741e+05
2.239000000000000000e+03,2.830031338979065767e+05
2.240000000000000000e+03,3.034069878758232226e+05
2.241000000000000000e+03,2.941398420952749439e+05
2.242000000000000000e+03,nan
2.243000000000000000e+03,2.761710927421307424e+05
2.244000000000000000e+03,2.371248978229930799e+05
2.245000000000000000e+03,2.444152222928441188e+05
2.246000000000000000e+03,nan
2.247000000000000000e+03,2.710660858426147024e+05
2.248000000000000000e+03,2.841165636732488638e+05
2.249000000000000000e+03,2.603198795227796654e+05
2.250000000000000000e+03,2.774672419513706118e+05
2.251000000000000000e+03,nan
2.252000000000000000e+03,3.286472786201288109e+05
2.253000000000000000e+03,3.077871006664940505e+05
2.254000000000000000e+03,nan
2.255000000000000000e+03,nan
2.256000000000000000e+03,3.248227166339675314e+05
2.257000000000000000e+03,3.619846708087830339e+05
2.258000000000000000e+03,nan
2.259000000000000000e+03,nan
2.260000000000000000e+03,3.218467384147096309e+05
2.261000000000000000e+03,4.017952004831884988e+05
2.262000000000000000e+03,4.106697367997184047e+05
2.263000000000000000e+03,4.692866268210908165e+05
2.264000000000000000e+03,5.709972468845789554e+05
2.265000000000000000e+03,3.292397426803622511e+05
2.266000000000000000e+03,4.600044139170319540e+05
2.267000000000000000e+03,5.150275459398108069e+05
2.268000000000000000e+03,5.074113520582274068e+05
2.269000000000000000e+03,nan
2.270000000000000000e+03,3.467606236599036492e+05
2.271000000000000000e+03,3.459459470299882814e+05
2.272000000000000000e+03,3.427266802151613520e+05
2.273000000000000000e+03,3.040041069996590959e+05
2.274000000000000000e+03,3.412426045213568723e+05
2.275000000000000000e+03,3.321796847212297143e+05
2.276000000000000000e+03,3.467141650694851996e+05
2.277000000000000000e+03,3.117858673801521072e+05
2.278000000000000000e+03,3.016787307100828621e+05
2.279000000000000000e+03,2.771827633165374282e+05
2.280000000000000000e+03,nan
2.281000000000000000e+03,3.150472947595370933e+05
2.282000000000000000e+03,3.076255785511722788e+05
2.283000000000000000e+03,2.667980181650227751e+05
2.284000000000000000e+03,2.707402880887247738e+05
2.285000000000000000e+03,3.013056000084023690e+05
2.286000000000000000e+03,2.674968348346734419e+05
2.287000000000000000e+03,4.811728294503072393e+05
2.288000000000000000e+03,4.623458628502959036e+05
2.289000000000000000e+03,4.909098183280293597e+05
2.290000000000000000e+03,5.151223268148516654e+05
2.291000000000000000e+03,4.640323621583549539e+05
2.292000000000000000e+03,5.154471545604029670e+05
2.293000000000000000e+03,5.412142423074290855e+05
2.294000000000000000e+03,5.152096842010559049e+05
2.295000000000000000e+03,5.567903769933076110e+05
2.296000000000000000e+03,4.597518517609118135e+05
2.297000000000000000e+03,4.566201103882348398e+05
2.298000000000000000e+03,4.892181565039376728e+05
2.299000000000000000e+03,5.086401875802020659e+05
2.300000000000000000e+03,4.810650501517254743e+05
2.301000000000000000e+03,nan
2.302000000000000000e+03,4.409085541322655044e+05
2.303000000000000000e+03,4.471924955697467667e+05
2.304000000000000000e+03,4.483665264305719757e+05
2.305000000000000000e+03,4.056557226501560071e+05
2.306000000000000000e+03,4.038015600530884112e+05
2.307000000000000000e+03,4.069551514059943729e+05
2.308000000000000000e+03,4.431007523978247773e+05
2.309000000000000000e+03,4.736008843794818386e+05
2.310000000000000000e+03,4.278758613074813038e+05
2.311000000000000000e+03,4.042269941249955446e+05
2.312000000000000000e+03,nan
2.313000000000000000e+03,3.306517535270334338e+05
2.314000000000000000e+03,3.360547868605240365e+05
2.315000000000000000e+03,3.266616593107504887e+05
2.316000000000000000e+03,3.269256764333432075e+05
2.317000000000000000e+03,3.267100256300030160e+05
2.318000000000000000e+03,3.209224382032485446e+05
2.319000000000000000e+03,3.309389400277588866e+05
2.320000000000000000e+03,3.402689889820554527e+05
2.321000000000000000e+03,nan
2.322000000000000000e+03,3.378606501434114762e+05
2.323000000000000000e+03,3.325735255963321542e+05
2.324000000000000000e+03,3.297846792620773776e+05
2.325000000000000000e+03,3.656171073726030882e+05
2.326000000000000000e+03,nan
2.327000000000000000e+03,3.523279711048802128e+05
2.328000000000000000e+03,nan
2.329000000000000000e+03,3.361926226178898942e+05
2.330000000000000000e+03,3.550498311132953968e+05
2.331000000000000000e+03,4.899460036584757036e+05
2.332000000000000000e+03,5.102672262121021049e+05
2.333000000000000000e+03,4.651893908911960898e+05
2.334000000000000000e+03,4.359691993531411281e+05
2.335000000000000000e+03,4.346790808011241024e+05
2.336000000000000000e+03,4.932900552993315505e+05
2.337000000000000000e+03,3.665388606147319078e+05
2.338000000000000000e+03,4.215944285420620581e+05
2.339000000000000000e+03,3.934391968503948301e+05
2.340000000000000000e+03,4.825593171431492083e+05
2.341000000000000000e+03,nan
2.342000000000000000e+03,3.925172100383823272e+05
2.343000000000000000e+03,3.912983113678950467e+05
2.344000000000000000e+03,3.872433157672587549e+05
2.345000000000000000e+03,3.939288166013613809e+05
2.346000000000000000e+03,3.725686418372053886e+05
2.347000000000000000e+03,3.654272463124789065e+05
2.348000000000000000e+03,3.859896116555137560e+05
2.349000000000000000e+03,3.218179417971984367e+05
2.350000000000000000e+03,nan
2.351000000000000000e+03,3.989449875479117618e+05
2.352000000000000000e+03,4.144967407622936298e+05
2.353000000000000000e+03,3.989171700214616721e+05
2.354000000000000000e+03,2.979326415909737698e+05
2.355000000000000000e+03,3.154290351640782319e+05
2.356000000000000000e+03,3.072203421998170670e+05
2.357000000000000000e+03,3.522740060063154669e+05
2.358000000000000000e+03,nan
2.359000000000000000e+03,3.290584738095643697e+05
2.360000000000000000e+03,2.653591197959619458e+05
2.361000000000000000e+03,2.807465878661516472e+05
2.362000000000000000e+03,nan
2.363000000000000000e+03,2.825597639571477193e+05
2.364000000000000000e+03,3.200383126219068654e+05
2.365000000000000000e+03,3.843878074712523376e+05
2.366000000000000000e+03,3.572869045359860174e+05
2.367000000000000000e+03,3.857436604047680157e+05
2.368000000000000000e+03,3.661237953145288047e+05
2.369000000000000000e+03,nan
2.370000000000000000e+03,3.353498972625157330e+05
2.371000000000000000e+03,3.416488413153546280e+05
2.372000000000000000e+03,3.671553908870568848e+05
2.373000000000000000e+03,nan
2.374000000000000000e+03,4.380421071197729907e+05
2.375000000000000000e+03,3.937367941803222056e+05
2.376000000000000000e+03,4.470357043988684309e+05
2.377000000000000000e+03,4.577667623714739457e+05
2.378000000000000000e+03,3.010342288405124564e+05
2.379000000000000000e+03,3.613913097788516316e+05
2.380000000000000000e+03,nan
2.381000000000000000e+03,3.119501463657341665e+05
2.382000000000000000e+03,3.463785332867733669e+05
2.383000000000000000e+03,3.595895526860333630e+05
2.384000000000000000e+03,3.606561118002834846e+05
2.385000000000000000e+03,3.083398409079193952e+05
2.386000000000000000e+03,2.908276165516708279e+05
2.387000000000000000e+03,2.787675586940203211e+05
2.388000000000000000e+03,nan
2.389000000000000000e+03,2.784429839237771230e+05
2.390000000000000000e+03,nan
2.391000000000000000e+03,3.028461801676953910e+05
2.392000000000000000e+03,2.566561409886720066e+05
2.393000000000000000e+03,3.293821342102201888e+05
2.394000000000000000e+03,2.946635467738183215e+05
2.395000000000000000e+03,3.445857446415054146e+05
2.396000000000000000e+03,nan
2.397000000000000000e+03,nan
2.398000000000000000e+03,2.826870755168137257e+05
2.399000000000000000e+03,2.144457172652105801e+05
2.400000000000000000e+03,2.105176213442220178e+05
2.401000000000000000e+03,2.797071397078057635e+05
2.402000000000000000e+03,2.842315147459158907e+05
2.403000000000000000e+03,3.138052288260046043e+05
2.404000000000000000e+03,nan
2.405000000000000000e+03,3.130148986008893698e+05
2.406000000000000000e+03,2.792788578040967113e+05
2.407000000000000000e+03,2.722295328122872161e+05
2.408000000000000000e+03,2.936126687515934464e+05
2.409000000000000000e+03,2.822671932929659961e+05
2.410000000000000000e+03,3.399954424266676069e+05
2.411000000000000000e+03,2.592328707062916947e+05
2.412000000000000000e+03,3.042500847917968640e+05
2.413000000000000000e+03,2.741918332836849149e+05
2.414000000000000000e+03,2.775467184594057035e+05
2.415000000000000000e+03,2.955881386197632528e+05
2.416000000000000000e+03,2.837924584735875251e+05
2.417000000000000000e+03,2.765624846019936376e+05
2.418000000000000000e+03,2.661813571246549254e+05
2.419000000000000000e+03,2.688929934451909503e+05
2.420000000000000000e+03,2.793470502333689365e+05
2.421000000000000000e+03,2.825877365583688952e+05
2.422000000000000000e+03,nan
2.423000000000000000e+03,2.623637916836717050e+05
2.424000000000000000e+03,nan
2.425000000000000000e+03,3.732709892207769444e+05
2.426000000000000000e+03,2.748949609460835927e+05
2.427000000000000000e+03,2.719677997129135765e+05
2.428000000000000000e+03,3.484801849592209910e+05
2.429000000000000000e+03,2.578482458143258991e+05
2.430000000000000000e+03,2.780446283195858123e+05
2.431000000000000000e+03,2.811890123379991855e+05
2.432000000000000000e+03,nan
2.433000000000000000e+03,2.773878067966355593e+05
2.434000000000000000e+03,2.773032763534547994e+05
2.435000000000000000e+03,3.017100848851191113e+05
2.436000000000000000e+03,2.453836708542731649e+05
2.437000000000000000e+03,2.543604664816680015e+05
2.438000000000000000e+03,2.639883215534341289e+05
2.439000000000000000e+03,2.539881684104818269e+05
2.440000000000000000e+03,2.737276375600690371e+05
2.441000000000000000e+03,2.551836561751714908e+05
2.442000000000000000e+03,2.528356959929174627e+05
2.443000000000000000e+03,2.788568155018935213e+05
2.444000000000000000e+03,2.810809380273857969e+05
2.445000000000000000e+03,2.301896296479117009e+05
2.446000000000000000e+03,2.651718205188644934e+05
2.447000000000000000e+03,nan
2.448000000000000000e+03,2.887802344801462605e+05
2.449000000000000000e+03,2.724909265988964471e+05
2.450000000000000000e+03,2.961091201111458940e+05
2.451000000000000000e+03,2.636070368884049822e+05
2.452000000000000000e+03,3.490662872731200187e+05
2.453000000000000000e+03,2.226204824675341952e+05
2.454000000000000000e+03,2.574753917474392510e+05
2.455000000000000000e+03,2.817829054822904291e+05
2.456000000000000000e+03,2.725478997019478120e+05
2.457000000000000000e+03,2.721597574039050378e+05
2.458000000000000000e+03,2.930833464507897734e+05
2.459000000000000000e+03,2.632813679421402048e+05
2.460000000000000000e+03,nan
2.461000000000000000e+03,2.667920813557644724e+05
2.462000000000000000e+03,2.893224521042213310e+05
2.463000000000000000e+03,2.728049086247081286e+05
2.464000000000000000e+03,3.247543491678566788e+05
2.465000000000000000e+03,3.121447043729206780e+05
2.466000000000000000e+03,2.860746644492225023e+05
2.467000000000000000e+03,nan
2.468000000000000000e+03,2.436686594650674961e+05
2.469000000000000000e+03,2.514699858954736555e+05
2.470000000000000000e+03,3.386071363040806609e+05
2.471000000000000000e+03,3.514391548174723866e+05
2.472000000000000000e+03,3.377344941526631592e+05
2.473000000000000000e+03,2.540400646819405956e+05
2.474000000000000000e+03,2.491327653529764502e+05
2.475000000000000000e+03,3.680550668986821547e+05
2.476000000000000000e+03,2.564306019970986526e+05
2.477000000000000000e+03,2.699883049724643934e+05
2.478000000000000000e+03,3.028874872334778192e+05
2.479000000000000000e+03,2.586263104478770110e+05
2.480000000000000000e+03,2.847559792082920903e+05
2.481000000000000000e+03,nan
2.482000000000000000e+03,2.718658705494089518e+05
2.483000000000000000e+03,2.581488110814133543e+05
2.484000000000000000e+03,nan
2.485000000000000000e+03,nan
2.486000000000000000e+03,2.909749300324342330e+05
2.487000000000000000e+03,3.593377261365961749e+05
2.488000000000000000e+03,3.160395049922149046e+05
2.489000000000000000e+03,3.078784409525165684e+05
2.490000000000000000e+03,2.988164108357736259e+05
2.491000000000000000e+03,nan
2.492000000000000000e+03,nan
2.493000000000000000e+03,nan
2.494000000000000000e+03,nan
2.495000000000000000e+03,2.516110142742345924e+05
2.496000000000000000e+03,3.921893875226637465e+05
2.497000000000000000e+03,3.165678075103043811e+05
2.498000000000000000e+03,2.503858706214020494e+05
2.499000000000000000e+03,nan
2.500000000000000000e+03,2.590722714749625302e+05
2.501000000000000000e+03,2.886618094647779362e+05
2.502000000000000000e+03,2.868584335079262382e+05
2.503000000000000000e+03,2.490172680702489452e+05
2.504000000000000000e+03,3.570996803476962959e+05
2.505000000000000000e+03,3.684513992681202944e+05
2.506000000000000000e+03,4.154925319777076948e+05
2.507000000000000000e+03,4.305333274947503232e+05
2.508000000000000000e+03,4.082346437366247992e+05
2.509000000000000000e+03,3.829831685148868710e+05
2.510000000000000000e+03,3.892162574401461170e+05
2.511000000000000000e+03,3.441366315445559449e+05
2.512000000000000000e+03,3.580724195983006503e+05
2.513000000000000000e+03,nan
2.514000000000000000e+03,4.152279413015418686e+05
2.515000000000000000e+03,nan
2.516000000000000000e+03,3.217492572723812773e+05
2.517000000000000000e+03,3.029767435820670216e+05
2.518000000000000000e+03,3.099374553210579907e+05
2.519000000000000000e+03,3.809905000469032093e+05
2.520000000000000000e+03,3.647885663608245086e+05
2.521000000000000000e+03,3.456686077519761166e+05
2.522000000000000000e+03,nan
2.523000000000000000e+03,2.843856394276321516e+05
2.524000000000000000e+03,2.967381405170601793e+05
2.525000000000000000e+03,2.992703282501663198e+05
2.526000000000000000e+03,3.019167081730519421e+05
2.527000000000000000e+03,2.818608214310102048e+05
2.528000000000000000e+03,2.836671208296925761e+05
2.529000000000000000e+03,2.951869002134843613e+05
2.530000000000000000e+03,2.798537258262650575e+05
2.531000000000000000e+03,nan
2.532000000000000000e+03,3.713244685753943049e+05
2.533000000000000000e+03,3.680063149079070427e+05
2.534000000000000000e+03,3.949199744296164135e+05
2.535000000000000000e+03,nan
2.536000000000000000e+03,nan
2.537000000000000000e+03,3.862118730356090236e+05
2.538000000000000000e+03,3.357711481694998220e+05
2.539000000000000000e+03,3.328881202289632638e+05
2.540000000000000000e+03,3.324679890988111147e+05
2.541000000000000000e+03,3.341724937724429183e+05
2.542000000000000000e+03,3.022023680087193497e+05
2.543000000000000000e+03,2.889813824750088970e+05
2.544000000000000000e+03,2.608327240732132341e+05
2.545000000000000000e+03,2.874730368565902463e+05
2.546000000000000000e+03,2.990960519310204545e+05
2.547000000000000000e+03,2.996739406306616729e+05
2.548000000000000000e+03,nan
2.549000000000000000e+03,2.803390796832244960e+05
2.550000000000000000e+03,6.490935086494437419e+05
2.551000000000000000e+03,2.847779083039782709e+05
2.552000000000000000e+03,2.736349060777271516e+05
2.553000000000000000e+03,2.304453715042007098e+05
2.554000000000000000e+03,2.637749281681901193e+05
2.555000000000000000e+03,2.675164776534655248e+05
2.556000000000000000e+03,2.440429769070823386e+05
2.557000000000000000e+03,2.565365166195076017e+05
2.558000000000000000e+03,3.084397472053482197e+05
2.559000000000000000e+03,3.168559204648752348e+05
2.560000000000000000e+03,3.272729365590888774e+05
2.561000000000000000e+03,3.092033247421844280e+05
2.562000000000000000e+03,3.214301028225602931e+05
2.563000000000000000e+03,3.208543558289600769e+05
2.564000000000000000e+03,3.586096448563311715e+05
2.565000000000000000e+03,3.043289353306519333e+05
2.566000000000000000e+03,3.238115663825673400e+05
2.567000000000000000e+03,3.137180318792366888e+05
2.568000000000000000e+03,nan
2.569000000000000000e+03,nan
2.570000000000000000e+03,2.764429470881526358e+05
2.571000000000000000e+03,nan
2.572000000000000000e+03,3.122431050152578973e+05
2.573000000000000000e+03,nan
2.574000000000000000e+03,4.323524650393180200e+05
2.575000000000000000e+03,2.807813732140373904e+05
2.576000000000000000e+03,2.758744960396937677e+05
2.577000000000000000e+03,nan
2.578000000000000000e+03,2.462357751524768537e+05
2.579000000000000000e+03,2.028558944282302691e+05
2.580000000000000000e+03,2.530969773205545789e+05
2.581000000000000000e+03,2.569364788000444532e+05
2.582000000000000000e+03,2.502272934736006137e+05
2.583000000000000000e+03,3.909967076487456798e+05
2.584000000000000000e+03,nan
2.585000000000000000e+03,3.364309934225531179e+05
2.586000000000000000e+03,3.544281168209953466e+05
2.587000000000000000e+03,nan
2.588000000000000000e+03,nan
2.589000000000000000e+03,3.120463448735656566e+05
2.590000000000000000e+03,3.827731588944912655e+05
2.591000000000000000e+03,4.034719898966287146e+05
2.592000000000000000e+03,3.700479330470073619e+05
2.593000000000000000e+03,nan
2.594000000000000000e+03,3.535962420684644603e+05
2.595000000000000000e+03,nan
2.596000000000000000e+03,4.371048296590942191e+05
2.597000000000000000e+03,nan
2.598000000000000000e+03,nan
2.599000000000000000e+03,4.528994835438036826e+05
2.600000000000000000e+03,3.392063826129010413e+05
2.601000000000000000e+03,2.906077861663117656e+05
2.602000000000000000e+03,2.369180119429910264e+05
2.603000000000000000e+03,nan
2.604000000000000000e+03,2.360696004584264883e+05
2.605000000000000000e+03,2.403144031579982839e+05
2.606000000000000000e+03,3.083551942712990567e+05
2.607000000000000000e+03,nan
2.608000000000000000e+03,3.717497785218813224e+05
2.609000000000000000e+03,3.021202836025723955e+05
2.610000000000000000e+03,2.565780314798210165e+05
2.611000000000000000e+03,3.014542466693288297e+05
2.612000000000000000e+03,nan
2.613000000000000000e+03,2.765841014021045412e+05
2.614000000000000000e+03,2.709915190538827446e+05
2.615000000000000000e+03,nan
2.616000000000000000e+03,2.986912398641082109e+05
2.617000000000000000e+03,nan
2.618000000000000000e+03,nan
2.619000000000000000e+03,3.685342708708567079e+05
2.620000000000000000e+03,3.450558541530045914e+05
2.621000000000000000e+03,nan
2.622000000000000000e+03,3.417210326505161356e+05
2.623000000000000000e+03,3.845594735259924200e+05
2.624000000000000000e+03,4.094767827806188725e+05
2.625000000000000000e+03,4.755228537415186875e+05
2.626000000000000000e+03,nan
2.627000000000000000e+03,4.035304603231208748e+05
2.628000000000000000e+03,5.097592745562871569e+05
2.629000000000000000e+03,5.515336135883083334e+05
2.630000000000000000e+03,4.910223040937360493e+05
2.631000000000000000e+03,5.344520689239222556e+05
2.632000000000000000e+03,5.088828114487579442e+05
2.633000000000000000e+03,4.640625093566029682e+05
2.634000000000000000e+03,5.215899643371046404e+05
2.635000000000000000e+03,nan
2.636000000000000000e+03,3.556559888146274607e+05
2.637000000000000000e+03,nan
2.638000000000000000e+03,3.821848683194167679e+05
2.639000000000000000e+03,3.255005664039793191e+05
2.640000000000000000e+03,3.059829028114976827e+05
2.641000000000000000e+03,2.571859538377437857e+05
2.642000000000000000e+03,3.169235225146645098e+05
2.643000000000000000e+03,2.694670872333133593e+05
2.644000000000000000e+03,2.631090520313269226e+05
2.645000000000000000e+03,2.591862053503098141e+05
2.646000000000000000e+03,2.548998122326407465e+05
2.647000000000000000e+03,2.738490075369226397e+05
2.648000000000000000e+03,2.924148804924417054e+05
2.649000000000000000e+03,2.867616515175417881e+05
2.650000000000000000e+03,2.969018045238230261e+05
2.651000000000000000e+03,3.012403913094322779e+05
2.652000000000000000e+03,4.849381345305371215e+05
2.653000000000000000e+03,4.560066534857791266e+05
2.654000000000000000e+03,4.353850663875803002e+05
2.655000000000000000e+03,5.145408429296659888e+05
2.656000000000000000e+03,4.837878974947186653e+05
2.657000000000000000e+03,4.881008976779583027e+05
2.658000000000000000e+03,nan
2.659000000000000000e+03,4.492871936290636077e+05
2.660000000000000000e+03,4.719954699796816567e+05
2.661000000000000000e+03,4.898320937898758566e+05
2.662000000000000000e+03,4.919352182646934525e+05
2.663000000000000000e+03,nan
2.664000000000000000e+03,4.632508879242713447e+05
2.665000000000000000e+03,4.916308921764778788e+05
2.666000000000000000e+03,4.800545388759440975e+05
2.667000000000000000e+03,3.166065925614936859e+05
2.668000000000000000e+03,3.323593349029840319e+05
2.669000000000000000e+03,3.287108310038904892e+05
2.670000000000000000e+03,4.063343087067079032e+05
2.671000000000000000e+03,3.369521515055870987e+05
2.672000000000000000e+03,3.460694028048640466e+05
2.673000000000000000e+03,nan
2.674000000000000000e+03,nan
2.675000000000000000e+03,3.251944263708693907e+05
2.676000000000000000e+03,3.439327173970577423e+05
2.677000000000000000e+03,nan
2.678000000000000000e+03,nan
2.679000000000000000e+03,4.310086769467897830e+05
2.680000000000000000e+03,4.544650655431729392e+05
2.681000000000000000e+03,nan
2.682000000000000000e+03,4.782415421422612853e+05
2.683000000000000000e+03,5.720829249850506894e+05
2.684000000000000000e+03,nan
2.685000000000000000e+03,nan
2.686000000000000000e+03,4.136165058228607522e+05
2.687000000000000000e+03,nan
2.688000000000000000e+03,3.839536937496595783e+05
2.689000000000000000e+03,3.713805693165688426e+05
2.690000000000000000e+03,4.636422538692282978e+05
2.691000000000000000e+03,3.512975797067266540e+05
2.692000000000000000e+03,2.979230402280864073e+05
2.693000000000000000e+03,3.561604426214796840e+05
2.694000000000000000e+03,2.990251165203002165e+05
2.695000000000000000e+03,3.495021921827617916e+05
2.696000000000000000e+03,3.430704172246506205e+05
2.697000000000000000e+03,3.451410533119609463e+05
2.698000000000000000e+03,3.395216869276795769e+05
2.699000000000000000e+03,3.227030344459157786e+05
2.700000000000000000e+03,3.115362811617869302e+05
2.701000000000000000e+03,nan
2.702000000000000000e+03,2.846733230672667851e+05
2.703000000000000000e+03,2.833148929319884046e+05
2.704000000000000000e+03,nan
2.705000000000000000e+03,nan
2.706000000000000000e+03,2.663148185292757698e+05
2.707000000000000000e+03,nan
2.708000000000000000e+03,nan
2.709000000000000000e+03,nan
2.710000000000000000e+03,nan
2.711000000000000000e+03,2.153653625828431395e+05
2.712000000000000000e+03,5.099992459003936383e+05
2.713000000000000000e+03,3.557317172795661609e+05
2.714000000000000000e+03,3.388128530885269865e+05
2.715000000000000000e+03,nan
2.716000000000000000e+03,nan
2.717000000000000000e+03,3.640013519866951392e+05
2.718000000000000000e+03,3.885848776702016476e+05
2.719000000000000000e+03,3.020767755340185249e+05
2.720000000000000000e+03,3.240288331857843441e+05
2.721000000000000000e+03,2.760094193827699055e+05
2.722000000000000000e+03,3.033946442158642458e+05
2.723000000000000000e+03,3.044887596666524187e+05
2.724000000000000000e+03,2.664755553099333192e+05
2.725000000000000000e+03,nan
2.726000000000000000e+03,2.868878129942637752e+05
2.727000000000000000e+03,3.390582640746463439e+05
2.728000000000000000e+03,nan
2.729000000000000000e+03,2.899886372460047132e+05
2.730000000000000000e+03,2.882847957368308562e+05
2.731000000000000000e+03,2.858912527859456022e+05
2.732000000000000000e+03,2.861755718421549536e+05
2.733000000000000000e+03,2.994888156417835853e+05
2.734000000000000000e+03,3.078219588309368119e+05
2.735000000000000000e+03,2.848939036519646179e+05
2.736000000000000000e+03,3.035974110643627937e+05
2.737000000000000000e+03,2.591920661899977422e+05
2.738000000000000000e+03,nan
2.739000000000000000e+03,nan
2.740000000000000000e+03,2.896630052333560307e+05
2.741000000000000000e+03,2.901893695466771023e+05
2.742000000000000000e+03,nan
2.743000000000000000e+03,3.025120665353497025e+05
2.744000000000000000e+03,3.128929755938658491e+05
2.745000000000000000e+03,2.978202377052350203e+05
2.746000000000000000e+03,2.812664863752028323e+05
2.747000000000000000e+03,3.106666015407249215e+05
2.748000000000000000e+03,2.819890184188207495e+05
2.749000000000000000e+03,2.780847726591471583e+05
2.750000000000000000e+03,2.711075278172382968e+05
2.751000000000000000e+03,2.695269814042150392e+05
2.752000000000000000e+03,3.815328581175947329e+05
2.753000000000000000e+03,3.139690694671263336e+05
2.754000000000000000e+03,3.922294544551288127e+05
2.755000000000000000e+03,3.005557897695153952e+05
2.756000000000000000e+03,2.281340901602173690e+05
2.757000000000000000e+03,2.314641562368964951e+05
2.758000000000000000e+03,2.288909422321977909e+05
2.759000000000000000e+03,3.120091906917623710e+05
2.760000000000000000e+03,2.887814042903289082e+05
2.761000000000000000e+03,3.187317036635453696e+05
2.762000000000000000e+03,3.084351098201602581e+05
2.763000000000000000e+03,3.555395978251451161e+05
2.764000000000000000e+03,3.166478557769604377e+05
2.765000000000000000e+03,nan
2.766000000000000000e+03,2.816141755056169932e+05
2.767000000000000000e+03,2.222091527685418259e+05
2.768000000000000000e+03,2.773916436062965658e+05
2.769000000000000000e+03,2.699852381058796309e+05
2.770000000000000000e+03,3.025638242441181792e+05
2.771000000000000000e+03,2.590984269787023950e+05
2.772000000000000000e+03,2.591684492160683149e+05
2.773000000000000000e+03,3.042337410031277686e+05
2.774000000000000000e+03,2.839381091624784167e+05
2.775000000000000000e+03,2.536499791704269592e+05
2.776000000000000000e+03,2.908599515675411094e+05
2.777000000000000000e+03,3.073065683816762175e+05
2.778000000000000000e+03,2.749125333726964891e+05
2.779000000000000000e+03,2.724672930510608130e+05
2.780000000000000000e+03,2.624632945301528089e+05
2.781000000000000000e+03,2.406963442491411697e+05
2.782000000000000000e+03,2.343480837891094561e+05
2.783000000000000000e+03,2.242156045950872067e+05
2.784000000000000000e+03,2.539275228073992766e+05
2.785000000000000000e+03,2.780897597001328249e+05
2.786000000000000000e+03,1.893648668674146465e+05
2.787000000000000000e+03,2.670532398423663690e+05
2.788000000000000000e+03,2.115235915314205049e+05
2.789000000000000000e+03,3.426131589703015052e+05
2.790000000000000000e+03,2.413814144546835450e+05
2.791000000000000000e+03,2.685072902196187060e+05
2.792000000000000000e+03,1.952757748713756155e+05
2.793000000000000000e+03,2.986142238574026851e+05
2.794000000000000000e+03,2.395282076440009696e+05
2.795000000000000000e+03,2.656167303740674397e+05
2.796000000000000000e+03,2.678371380442657974e+05
2.797000000000000000e+03,3.521946516050692298e+05
2.798000000000000000e+03,2.456015894581269240e+05
2.799000000000000000e+03,2.668943129113934701e+05
2.800000000000000000e+03,2.426024389747615496e+05
2.801000000000000000e+03,2.690746073861680925e+05
2.802000000000000000e+03,2.804478261853450676e+05
2.803000000000000000e+03,3.428979518132294761e+05
2.804000000000000000e+03,2.926543314213056583e+05
2.805000000000000000e+03,2.555723438150578586e+05
2.806000000000000000e+03,2.445756609654097701e+05
2.807000000000000000e+03,3.028658458472432103e+05
2.808000000000000000e+03,nan
2.809000000000000000e+03,2.774169380786184920e+05
2.810000000000000000e+03,2.718806712585710920e+05
2.811000000000000000e+03,nan
2.812000000000000000e+03,nan
2.813000000000000000e+03,nan
2.814000000000000000e+03,3.316296094775082311e+05
2.815000000000000000e+03,nan
2.816000000000000000e+03,nan
2.817000000000000000e+03,3.238910490175654995e+05
2.818000000000000000e+03,2.762300490070915548e+05
2.819000000000000000e+03,nan
2.820000000000000000e+03,2.943455184623391251e+05
2.821000000000000000e+03,2.908276931024457444e+05
2.822000000000000000e+03,3.486557951620020904e+05
2.823000000000000000e+03,4.458176418709807331e+05
2.824000000000000000e+03,3.451410120624357369e+05
2.825000000000000000e+03,2.893777083739968366e+05
2.826000000000000000e+03,2.725103307979513775e+05
2.827000000000000000e+03,2.951726780779160908e+05
2.828000000000000000e+03,3.702071484449274139e+05
2.829000000000000000e+03,3.380792186912152101e+05
2.830000000000000000e+03,3.761279389374551829e+05
2.831000000000000000e+03,3.475685710869291797e+05
2.832000000000000000e+03,3.629282139687217423e+05
2.833000000000000000e+03,3.993651141708629439e+05
2.834000000000000000e+03,3.640820470489767613e+05
2.835000000000000000e+03,3.817311254583221744e+05
2.836000000000000000e+03,3.624697824043466826e+05
2.837000000000000000e+03,3.292641027651451295e+05
2.838000000000000000e+03,3.030795235992132220e+05
2.839000000000000000e+03,3.450934264972897945e+05
2.840000000000000000e+03,nan
2.841000000000000000e+03,3.483872570584968780e+05
2.842000000000000000e+03,3.723083267114686314e+05
2.843000000000000000e+03,3.207078284117075382e+05
2.844000000000000000e+03,3.399298244824322173e+05
2.845000000000000000e+03,2.815908354131859960e+05
2.846000000000000000e+03,nan
2.847000000000000000e+03,3.585996702127367607e+05
2.848000000000000000e+03,nan
2.849000000000000000e+03,3.549886994215584709e+05
2.850000000000000000e+03,4.046882183711011312e+05
2.851000000000000000e+03,nan
2.852000000000000000e+03,3.797284203137165750e+05
2.853000000000000000e+03,3.787033887255920563e+05
2.854000000000000000e+03,3.034072481466662721e+05
2.855000000000000000e+03,3.502207549005544861e+05
2.856000000000000000e+03,3.548820815419313149e+05
2.857000000000000000e+03,3.498120784434140660e+05
2.858000000000000000e+03,3.543853770744149224e+05
2.859000000000000000e+03,2.708753551462718751e+05
2.860000000000000000e+03,2.760340677668311400e+05
2.861000000000000000e+03,2.772664716203106218e+05
2.862000000000000000e+03,3.491480475115666050e+05
2.863000000000000000e+03,nan
2.864000000000000000e+03,3.630780530433413223e+05
2.865000000000000000e+03,2.775891324397821445e+05
2.866000000000000000e+03,3.115301979526172508e+05
2.867000000000000000e+03,2.401751520220138482e+05
2.868000000000000000e+03,2.847051932987694163e+05
2.869000000000000000e+03,2.656311596496760612e+05
2.870000000000000000e+03,2.989962695543185691e+05
2.871000000000000000e+03,2.511682627788431419e+05
2.872000000000000000e+03,1.896062285589819367e+05
2.873000000000000000e+03,2.601990938986062829e+05
2.874000000000000000e+03,2.718671591128570144e+05
2.875000000000000000e+03,2.681923547373021138e+05
2.876000000000000000e+03,3.353258686524862424e+05
2.877000000000000000e+03,2.867818829302344238e+05
2.878000000000000000e+03,3.460064863302717567e+05
2.879000000000000000e+03,2.798320114782746532e+05
2.880000000000000000e+03,2.565601204041505116e+05
2.881000000000000000e+03,3.373287297542063752e+05
2.882000000000000000e+03,3.180758926011114381e+05
2.883000000000000000e+03,3.523225732303681434e+05
2.884000000000000000e+03,3.739411134877379518e+05
2.885000000000000000e+03,3.505977156702582724e+05
2.886000000000000000e+03,3.742026781296445406e+05
2.887000000000000000e+03,2.579396774888419895e+05
2.888000000000000000e+03,2.956851177897597663e+05
2.889000000000000000e+03,2.095918627374394273e+05
2.890000000000000000e+03,2.327935542567120574e+05
2.891000000000000000e+03,3.033692540842493763e+05
2.892000000000000000e+03,1.734741413129752618e+05
2.893000000000000000e+03,2.300491115041446756e+05
2.894000000000000000e+03,1.802710410141805769e+05
2.895000000000000000e+03,4.061618229601116618e+05
2.896000000000000000e+03,4.014039072540957713e+05
2.897000000000000000e+03,3.459953356598854298e+05
2.898000000000000000e+03,3.333214897312273388e+05
2.899000000000000000e+03,3.648753852071303991e+05
2.900000000000000000e+03,3.090073143050184008e+05
2.901000000000000000e+03,nan
2.902000000000000000e+03,nan
2.903000000000000000e+03,4.383983843644609442e+05
2.904000000000000000e+03,4.324570500847020303e+05
2.905000000000000000e+03,2.033511243530478678e+05
2.906000000000000000e+03,3.341304781553388457e+05
2.907000000000000000e+03,2.658450093281303998e+05
2.908000000000000000e+03,2.820745444103692425e+05
2.909000000000000000e+03,nan
2.910000000000000000e+03,2.077911864725707856e+05
2.911000000000000000e+03,2.360016035618368187e+05
2.912000000000000000e+03,3.064739010320068337e+05
2.913000000000000000e+03,2.321834318530421006e+05
2.914000000000000000e+03,2.251674359497053374e+05
2.915000000000000000e+03,2.251015459591157560e+05
2.916000000000000000e+03,2.362589194040384900e+05
2.917000000000000000e+03,3.319288107407303760e+05
2.918000000000000000e+03,2.682282697459220071e+05
2.919000000000000000e+03,3.631821404705766472e+05
